<?xml version="1.0"?>
<doc>
    <assembly>
        <name>sitefoundry</name>
    </assembly>
    <members>
        <member name="T:HolmesAndLee.SiteFoundry.Admin.helpers.documents">
            <summary>
            Summary description for documents.
            </summary>
        </member>
        <member name="M:HolmesAndLee.SiteFoundry.Admin.helpers.documents.InitializeComponent">
            <summary>
            Required method for Designer support - do not modify
            the contents of this method with the code editor.
            </summary>
        </member>
        <member name="T:HolmesAndLee.SiteFoundry.Admin.helpers.imageGallery">
            <summary>
            Summary description for gallery.
            </summary>
        </member>
        <member name="M:HolmesAndLee.SiteFoundry.Admin.helpers.imageGallery.InitializeComponent">
            <summary>
            Required method for Designer support - do not modify
            the contents of this method with the code editor.
            </summary>
        </member>
        <member name="T:HolmesAndLee.SiteFoundry.Admin.helpers.links">
            <summary>
            Summary description for links.
            </summary>
        </member>
        <member name="M:HolmesAndLee.SiteFoundry.Admin.helpers.links.InitializeComponent">
            <summary>
            Required method for Designer support - do not modify
            the contents of this method with the code editor.
            </summary>
        </member>
        <member name="T:HolmesAndLee.SiteFoundry.Admin.modules.footer">
            <summary>
            	Summary description for footer.
            </summary>
        </member>
        <member name="M:HolmesAndLee.SiteFoundry.Admin.modules.footer.InitializeComponent">
            <summary>
            	Required method for Designer support - do not modify
            	the contents of this method with the code editor.
            </summary>
        </member>
        <member name="T:HolmesAndLee.SiteFoundry.Admin.modules.header">
            <summary>
            	Summary description for header.
            </summary>
        </member>
        <member name="M:HolmesAndLee.SiteFoundry.Admin.modules.header.InitializeComponent">
            <summary>
            	Required method for Designer support - do not modify
            	the contents of this method with the code editor.
            </summary>
        </member>
        <member name="T:HolmesAndLee.SiteFoundry.Admin.cms">
            <summary>
            Summary description for cms.
            </summary>
        </member>
        <member name="M:HolmesAndLee.SiteFoundry.Admin.cms.InitializeComponent">
            <summary>
            Required method for Designer support - do not modify
            the contents of this method with the code editor.
            </summary>
        </member>
        <member name="T:HolmesAndLee.SiteFoundry.Admin.data">
            <summary>
            Summary description for data.
            </summary>
        </member>
        <member name="M:HolmesAndLee.SiteFoundry.Admin.data.InitializeComponent">
            <summary>
            Required method for Designer support - do not modify
            the contents of this method with the code editor.
            </summary>
        </member>
        <member name="M:HolmesAndLee.SiteFoundry.Admin.data.Dispose(System.Boolean)">
            <summary>
            Clean up any resources being used.
            </summary>
        </member>
        <member name="T:HolmesAndLee.SiteFoundry.Admin._default">
            <summary>
            Summary description for _default.
            </summary>
        </member>
        <member name="M:HolmesAndLee.SiteFoundry.Admin._default.InitializeComponent">
            <summary>
            Required method for Designer support - do not modify
            the contents of this method with the code editor.
            </summary>
        </member>
        <member name="T:HolmesAndLee.SiteFoundry.Admin.publish">
            <summary>
            Summary description for publish.
            </summary>
        </member>
        <member name="M:HolmesAndLee.SiteFoundry.Admin.publish.InitializeComponent">
            <summary>
            Required method for Designer support - do not modify
            the contents of this method with the code editor.
            </summary>
        </member>
        <member name="T:HolmesAndLee.SiteFoundry.Admin.resources">
            <summary>
            Summary description for resources.
            </summary>
        </member>
        <member name="M:HolmesAndLee.SiteFoundry.Admin.resources.InitializeComponent">
            <summary>
            Required method for Designer support - do not modify
            the contents of this method with the code editor.
            </summary>
        </member>
        <member name="T:sitefoundry.admin.test">
            <summary>
            Summary description for test.
            </summary>
        </member>
        <member name="M:sitefoundry.admin.test.InitializeComponent">
            <summary>
            Required method for Designer support - do not modify
            the contents of this method with the code editor.
            </summary>
        </member>
        <member name="T:HolmesAndLee.SiteFoundry.Admin.users">
            <summary>
            Summary description for users.
            </summary>
        </member>
        <member name="M:HolmesAndLee.SiteFoundry.Admin.users.InitializeComponent">
            <summary>
            Required method for Designer support - do not modify
            the contents of this method with the code editor.
            </summary>
        </member>
        <member name="T:HolmesAndLee.SiteFoundry.BaseArticle">
            <summary>
            Base article object to handle mulitple templates for individual articles
            </summary>
        </member>
        <member name="T:HolmesAndLee.SiteFoundry.UI.BasePage">
            <summary>
            Extended System.Web.UI.Page for our main site template
            </summary>
        </member>
        <member name="T:HolmesAndLee.SiteFoundry.Node">
            <summary>
            Base organizational object for SiteFoundry.  Includes hierarchy organization, multilingual labels, child collections, html and xml output
            </summary>
        </member>
        <member name="M:HolmesAndLee.SiteFoundry.Node.getRolePermission(System.String)">
            <summary>
            returns integer representing requested role's permission for the current node.  if permission
            isn't found locally, then looks up to the parent to find a role entry matching the requested role.
            returns 0 (no permissions) if not found.
            </summary>
            <param name="role">name of role to check</param>
            <returns>a number representing the permission (0-31)</returns>
        </member>
        <member name="M:HolmesAndLee.SiteFoundry.Node.getName(System.String)">
            <summary>
            get the node label in the supplied language identifier
            </summary>
            <param name="key">2(xx) or 5(xx-XX) character localization string.  eg. "en" or "en-CA"</param>
            <returns>a string</returns>
        </member>
        <member name="M:HolmesAndLee.SiteFoundry.Node.Find(System.Collections.ArrayList)">
            <summary>
            Finds and returns a Node, using the supplied ArrayList as a path to the node.
            </summary>
            <param name="nodeNames">arraylist of nodenames to use as a path to find a node</param>
            <returns>a node</returns>
        </member>
        <member name="T:HolmesAndLee.SiteFoundry.NodeCollection">
            <summary>
            Strongly-Typed collection of Nodes
            </summary>
        </member>
        <member name="T:HolmesAndLee.SiteFoundry.NodeFactory">
            <summary>
            Retrieves nodes from an ObjectManager
            </summary>
        </member>
        <member name="T:HolmesAndLee.SiteFoundry.NodeName">
            <summary>
            Class to hold node-name information (multi-lingual labels)
            This is a class instead of a struct because it must interface with the ObjectManager, which deals with classes
            and the effects of using structs are unknown.
            </summary>
        </member>
        <member name="T:HolmesAndLee.SiteFoundry.NodeRole">
            <summary>
            List objects for what roles belong to nodes.
            </summary>
        </member>
        <member name="T:HolmesAndLee.SiteFoundry.Permission">
            <summary>
            Represents bit values used for different levels of permissions
            </summary>
        </member>
        <member name="T:HolmesAndLee.SiteFoundry.Security.Cryptography.AsymmetricEncryption">
            <summary>
            One-way only encryption class.  Useful for password hashing and user authentication/verification
            </summary>
        </member>
        <member name="M:HolmesAndLee.SiteFoundry.Security.Cryptography.AsymmetricEncryption.VerifyHash(System.String,System.String,System.String)">
            <summary>
            Compares a hash of the specified plain text value to a given hash
            value. Plain text is hashed with the same salt value as the original
            hash.
            </summary>
            <param name="plainText">
            Plain text to be verified against the specified hash. The function
            does not check whether this parameter is null.
            </param>
            <param name="hashAlgorithm">
            Name of the hash algorithm. Allowed values are: "MD5", "SHA1", 
            "SHA256", "SHA384", and "SHA512" (if any other value is specified,
            MD5 hashing algorithm will be used). This value is case-insensitive.
            </param>
            <param name="hashValue">
            Base64-encoded hash value produced by ComputeHash function. This value
            includes the original salt appended to it.
            </param>
            <returns>
            If computed hash mathes the specified hash the function the return
            value is true; otherwise, the function returns false.
            </returns>
        </member>
        <member name="T:HolmesAndLee.SiteFoundry.Security.Cryptography.SymmetricEncryption">
            <summary>
            2-way encryption.  Can encrypt string into cyphertext and back when key is supplied.
            </summary>
        </member>
        <member name="T:HolmesAndLee.SiteFoundry.Security.UserPrincipal">
            <summary>
            Principal User object
            </summary>
        </member>
        <member name="M:HolmesAndLee.SiteFoundry.Security.UserPrincipal.IsInRole(System.String)">
            <summary>
            Checks to see if user belongs to supplied role
            </summary>
            <param name="role"></param>
            <returns></returns>
        </member>
        <member name="M:HolmesAndLee.SiteFoundry.Security.UserPrincipal.CheckRolePermission(HolmesAndLee.SiteFoundry.Node,HolmesAndLee.SiteFoundry.Permission)">
            <summary>
            Check the supplied node to see if it the user has permissions on it
            </summary>
            <param name="n">What node to look to</param>
            <param name="perm">What permission to look up.  </param>
            <returns>true is user belongs to a role which has the permission requested.</returns>
        </member>
        <member name="M:HolmesAndLee.SiteFoundry.Security.UserPrincipal.EncryptPrincipal">
            <summary>
            Generates symmetric encrypted string representing the user.  This method is supposed to be used to authenticate
            web service requests or other 'out-of-context' requests
            </summary>
            <returns>encrypted representation of user</returns>
        </member>
        <member name="P:HolmesAndLee.SiteFoundry.Security.UserPrincipal.Roles">
            <summary>
            list of roles that the user belongs to
            </summary>
        </member>
        <member name="T:HolmesAndLee.SiteFoundry.Security.Role">
            <summary>
            Represents role information for tie-in w/ database
            (might be a struct?)
            </summary>
        </member>
        <member name="T:HolmesAndLee.SiteFoundry.Security.UserIdentity">
            <summary>
            Holds user specific informatio
            </summary>
        </member>
        <member name="T:HolmesAndLee.SiteFoundry.SFGlobal">
            <summary>
            Main static class.
            All external references in SiteFoundry should pass through here.
            Contains references to Data Layer/Object Manager, web.config items and other global information
            
            also contains main functions for user authenticiation/authorization, url rewriting, startup and teardown
            </summary>
        </member>
        <member name="M:HolmesAndLee.SiteFoundry.SFGlobal.ProcessRequest">
            <summary>
            Handles processing of URL replacement and mapping to pages.aspx (page holder)
            </summary>
        </member>
        <member name="M:HolmesAndLee.SiteFoundry.SFGlobal.Start">
            <summary>
            start up.  get globals, load object mappings, init DAL, etc...
            </summary>
        </member>
        <member name="M:HolmesAndLee.SiteFoundry.SFGlobal.UpdateNodes">
            <summary>
            updates nodes in memory from datastore
            </summary>
        </member>
        <member name="M:HolmesAndLee.SiteFoundry.SFGlobal.applySecurity">
            <summary>
            Enforce viewing security
            </summary>
        </member>
        <member name="M:HolmesAndLee.SiteFoundry.SFGlobal.IsUserCMS">
            <summary>
            See if the current user is a CMS user
            </summary>
            <returns></returns>
        </member>
        <member name="M:HolmesAndLee.SiteFoundry.SFGlobal.loadUserFromCookie">
            <summary>
            Get the UserIdentity from an encrypted cookie
            </summary>
        </member>
        <member name="M:HolmesAndLee.SiteFoundry.SFGlobal.LoadArticleTemplates">
            <summary>
            Loads article template references into memory from XML file.
            </summary>
            <returns></returns>
        </member>
        <member name="T:HolmesAndLee.SiteFoundry.TemplateLoader">
            <summary>
            Static methods to load node templates.
            </summary>
        </member>
        <member name="M:HolmesAndLee.SiteFoundry.TemplateLoader.Load(System.String)">
            <summary>
            Read XML file containing definitions to in-memory object for later use by .GetTemplate()
            </summary>
            <param name="xmlFile">which file to load templates from</param>
        </member>
        <member name="M:HolmesAndLee.SiteFoundry.TemplateLoader.GetTemplate(HolmesAndLee.SiteFoundry.Node)">
            <summary>
            Get the template associated with the specified node
            </summary>
            <param name="n">Node you want to load the template from</param>
            <returns>UserControl</returns>
        </member>
        <member name="M:HolmesAndLee.SiteFoundry.TemplateLoader.GetAdminTemplate(HolmesAndLee.SiteFoundry.Node)">
            <summary>
            Get the template associated with the specified node
            </summary>
            <param name="n">Node you want to load the template from</param>
            <returns>UserControl</returns>
        </member>
        <member name="M:HolmesAndLee.SiteFoundry.TemplateLoader.GetTemplateListXML">
            <summary>
            Gets the list of templates.  Used w/ webservice to pass template information to flash menu system
            </summary>
            <returns>xml (as string)</returns>
        </member>
        <member name="T:HolmesAndLee.SiteFoundry.NodeTemplate">
            <summary>
            Stores information regarding templates applied to Nodes.
            </summary>
        </member>
        <member name="T:HolmesAndLee.SiteFoundry.NodeTemplateCollection">
            <summary>
            Strongly-typed collection of NodeTemplates
            </summary>
        </member>
        <member name="T:HolmesAndLee.SiteFoundry.UrlRewrite">
            <summary>
            Re-writes the url supplied from the client.
            This class allows dynamic sites (somepage.aspx?page=home) to appear as (home.aspx).  This increases readability of urls and
            search engine placement (keywords in urls count in google)
            </summary>
        </member>
        <member name="T:HolmesAndLee.SiteFoundry.Utils.HexEncoding">
            <summary>
            Summary description for HexEncoding.
            </summary>
        </member>
        <member name="M:HolmesAndLee.SiteFoundry.Utils.HexEncoding.GetBytes(System.String)">
            <summary>
            Creates a byte array from the hexadecimal string. Each two characters are combined
            to create one byte. First two hexadecimal characters become first byte in returned array.
            Non-hexadecimal characters are ignored. 
            </summary>
            <param name="hexString">string to convert to byte array</param>
            <param name="discarded">number of characters in string ignored</param>
            <returns>byte array, in the same left-to-right order as the hexString</returns>
        </member>
        <member name="M:HolmesAndLee.SiteFoundry.Utils.HexEncoding.InHexFormat(System.String)">
            <summary>
            Determines if given string is in proper hexadecimal string format
            </summary>
            <param name="hexString"></param>
            <returns></returns>
        </member>
        <member name="M:HolmesAndLee.SiteFoundry.Utils.HexEncoding.IsHexDigit(System.Char)">
            <summary>
            Returns true is c is a hexadecimal digit (A-F, a-f, 0-9)
            </summary>
            <param name="c">Character to test</param>
            <returns>true if hex digit, false if not</returns>
        </member>
        <member name="M:HolmesAndLee.SiteFoundry.Utils.HexEncoding.HexToByte(System.String)">
            <summary>
            Converts 1 or 2 character string into equivalant byte value
            </summary>
            <param name="hex">1 or 2 character string</param>
            <returns>byte</returns>
        </member>
        <member name="T:sitefoundry.articleTemplates.template1">
            <summary>
            	Summary description for template1.
            </summary>
        </member>
        <member name="M:sitefoundry.articleTemplates.template1.InitializeComponent">
            <summary>
            	Required method for Designer support - do not modify
            	the contents of this method with the code editor.
            </summary>
        </member>
        <member name="T:sitefoundry.articleTemplates.template2">
            <summary>
            	Summary description for template2.
            </summary>
        </member>
        <member name="M:sitefoundry.articleTemplates.template2.InitializeComponent">
            <summary>
            	Required method for Designer support - do not modify
            	the contents of this method with the code editor.
            </summary>
        </member>
        <member name="T:HolmesAndLee.SiteFoundry.nodeTemplates.articleAdmin">
            <summary>
            	Administrator tool for articles
            </summary>
        </member>
        <member name="M:HolmesAndLee.SiteFoundry.nodeTemplates.articleAdmin.InitializeComponent">
            <summary>
            	Required method for Designer support - do not modify
            	the contents of this method with the code editor.
            </summary>
        </member>
        <member name="M:HolmesAndLee.SiteFoundry.nodeTemplates.Article.InitializeComponent">
            <summary>
            	Required method for Designer support - do not modify
            	the contents of this method with the code editor.
            </summary>
        </member>
        <member name="T:HolmesAndLee.SiteFoundry.nodeTemplates.linkAdmin">
            <summary>
            	Summary description for linkAdmin.
            </summary>
        </member>
        <member name="M:HolmesAndLee.SiteFoundry.nodeTemplates.linkAdmin.InitializeComponent">
            <summary>
            	Required method for Designer support - do not modify
            	the contents of this method with the code editor.
            </summary>
        </member>
        <member name="T:HolmesAndLee.SiteFoundry.nodeTemplates.linkDisplay">
            <summary>
            	Summary description for linkDisplay.
            </summary>
        </member>
        <member name="M:HolmesAndLee.SiteFoundry.nodeTemplates.linkDisplay.InitializeComponent">
            <summary>
            	Required method for Designer support - do not modify
            	the contents of this method with the code editor.
            </summary>
        </member>
        <member name="T:HolmesAndLee.SiteFoundry.nodeTemplates.rawHtmlAdmin">
            <summary>
            	Summary description for rawHtmlAdmin.
            </summary>
        </member>
        <member name="M:HolmesAndLee.SiteFoundry.nodeTemplates.rawHtmlAdmin.InitializeComponent">
            <summary>
            	Required method for Designer support - do not modify
            	the contents of this method with the code editor.
            </summary>
        </member>
        <member name="T:HolmesAndLee.SiteFoundry.nodeTemplates.rawHtmlDisplay">
            <summary>
            	Summary description for rawHtmlDisplay.
            </summary>
        </member>
        <member name="M:HolmesAndLee.SiteFoundry.nodeTemplates.rawHtmlDisplay.InitializeComponent">
            <summary>
            	Required method for Designer support - do not modify
            	the contents of this method with the code editor.
            </summary>
        </member>
        <member name="T:sitefoundry.siteTemplates.footer">
            <summary>
            	Summary description for footer.
            </summary>
        </member>
        <member name="M:sitefoundry.siteTemplates.footer.InitializeComponent">
            <summary>
            	Required method for Designer support - do not modify
            	the contents of this method with the code editor.
            </summary>
        </member>
        <member name="T:sitefoundry.siteTemplates.header">
            <summary>
            	Summary description for header.
            </summary>
        </member>
        <member name="M:sitefoundry.siteTemplates.header.InitializeComponent">
            <summary>
            	Required method for Designer support - do not modify
            	the contents of this method with the code editor.
            </summary>
        </member>
        <member name="T:HolmesAndLee.SiteFoundry.GenImage">
            <summary>
            Summary description for genImage.
            </summary>
        </member>
        <member name="M:HolmesAndLee.SiteFoundry.GenImage.InitializeComponent">
            <summary>
            Required method for Designer support - do not modify
            the contents of this method with the code editor.
            </summary>
        </member>
        <member name="T:HolmesAndLee.SiteFoundry.Login">
            <summary>
            Summary description for login.
            </summary>
        </member>
        <member name="M:HolmesAndLee.SiteFoundry.Login.InitializeComponent">
            <summary>
            Required method for Designer support - do not modify
            the contents of this method with the code editor.
            </summary>
        </member>
        <member name="T:HolmesAndLee.SiteFoundry.Logout">
            <summary>
            Summary description for logout.
            </summary>
        </member>
        <member name="M:HolmesAndLee.SiteFoundry.Logout.InitializeComponent">
            <summary>
            Required method for Designer support - do not modify
            the contents of this method with the code editor.
            </summary>
        </member>
        <member name="T:HolmesAndLee.SiteFoundry.Pages">
            <summary>
            Summary description for pages.
            </summary>
        </member>
        <member name="M:HolmesAndLee.SiteFoundry.Pages.InitializeComponent">
            <summary>
            Required method for Designer support - do not modify
            the contents of this method with the code editor.
            </summary>
        </member>
    </members>
</doc>
